,Año,Trimestre,Banda ancha fija,Dial up,Total,Periodo,Provincia
0,2022,3,11078691.0,,11091128.0,Jul-Sept 2022,
1,2022,2,10946248.0,,10958684.0,Abr-Jun 2022,
2,2022,1,10611390.0,,10624009.0,Ene-Mar 2022,
3,2021,4,10476933.0,,10489794.0,Oct-Dic 2021,
4,2021,3,10075184.0,,10085541.0,Jul-Sept 2021,
5,2021,2,9852702.0,,9863084.0,Abr-Jun 2021,
6,2021,1,9637956.0,,9647972.0,Ene-Mar 2021,
7,2020,4,9561546.0,,9571562.0,Oct-Dic 2020,
8,2020,3,9346183.0,,9356199.0,Jul-Sept 2020,
9,2020,2,9021040.0,,9031056.0,Abr-Jun 2020,
10,2020,1,8802435.0,,8812426.0,Ene-Mar 2020,
11,2019,4,8783053.0,,8793181.0,Oct-Dic 2019,
12,2019,3,9142891.0,,9164684.0,Jul-Sept 2019,
13,2019,2,8938427.0,,8960181.0,Abr-Jun 2019,
14,2019,1,8626323.0,,8648135.0,Ene-Mar 2019,
15,2018,4,8451841.0,,8473655.0,Oct-Dic 2018,
16,2018,3,8320223.0,,8347035.0,Jul-Sept 2018,
17,2018,2,8083533.0,,8110444.0,Abr-Jun 2018,
18,2018,1,8009981.0,,8037053.0,Ene-Mar 2018,
19,2017,4,7842778.0,,7870222.0,Oct-Dic 2017,
20,2017,3,7696594.0,,7724943.0,Jul-Sept 2017,
21,2017,2,7401134.0,,7429664.0,Abr-Jun 2017,
22,2017,1,7277314.0,,7305854.0,Ene-Mar 2017,
23,2016,4,7223128.0,,7251673.0,Oct-Dic 2016,
24,2016,3,7178340.0,,7206950.0,Jul-Sept 2016,
25,2016,2,7097604.0,,7130079.0,Abr-Jun 2016,
26,2016,1,6874704.0,,6907356.0,Ene-Mar 2016,
27,2015,4,6952289.0,,6984831.0,Oct-Dic 2015,
28,2015,3,6902267.0,,6935068.0,Jul-Sept 2015,
29,2015,2,6783279.0,,6816188.0,Abr-Jun 2015,
30,2015,1,6699714.0,,6737732.0,Ene-Mar 2015,
31,2014,4,6559172.0,,6598496.0,Oct-Dic 2014,
32,2014,3,6559264.0,,6595271.0,Jul-Sept 2014,
33,2014,2,6428329.0,,6464468.0,Abr-Jun 2014,
34,2014,1,6362108.0,,6398398.0,Ene-Mar 2014,
0,2022,3,4715469.0,6.199,4721668.0,,Buenos Aires
1,2022,3,1545534.0,2.145,1547679.0,,Capital Federal
2,2022,3,70292.0,1.0,70293.0,,Catamarca
3,2022,3,144141.0,5.0,144146.0,,Chaco
4,2022,3,164874.0,904.0,165778.0,,Chubut
5,2022,3,1038600.0,68.0,1038668.0,,Córdoba
6,2022,3,144842.0,4.0,144846.0,,Corrientes
7,2022,3,268937.0,22.0,268959.0,,Entre Ríos
8,2022,3,68537.0,1.0,68538.0,,Formosa
9,2022,3,118823.0,0.0,118823.0,,Jujuy
10,2022,3,115921.0,171.0,116092.0,,La Pampa
11,2022,3,86860.0,4.0,86864.0,,La Rioja
12,2022,3,288746.0,777.0,289523.0,,Mendoza
13,2022,3,182157.0,0.0,182157.0,,Misiones
14,2022,3,162693.0,468.0,163161.0,,Neuquén
15,2022,3,160010.0,548.0,160558.0,,Río Negro
16,2022,3,204536.0,5.0,204541.0,,Salta
17,2022,3,103118.0,281.0,103399.0,,San Juan
18,2022,3,121888.0,182.0,122070.0,,San Luis
19,2022,3,49312.0,198.0,49510.0,,Santa Cruz
20,2022,3,887700.0,110.0,887810.0,,Santa Fe
21,2022,3,119030.0,2.0,119032.0,,Santiago Del Estero
22,2022,3,53584.0,312.0,53896.0,,Tierra Del Fuego
23,2022,3,263087.0,30.0,263117.0,,Tucumán
24,2022,2,4660984.0,6.199,4667183.0,,Buenos Aires
25,2022,2,1534626.0,2.145,1536771.0,,Capital Federal
26,2022,2,67007.0,1.0,67008.0,,Catamarca
27,2022,2,143559.0,5.0,143564.0,,Chaco
28,2022,2,161901.0,904.0,162805.0,,Chubut
29,2022,2,1026367.0,68.0,1026435.0,,Córdoba
30,2022,2,144993.0,4.0,144997.0,,Corrientes
31,2022,2,269330.0,22.0,269352.0,,Entre Ríos
32,2022,2,67881.0,0.0,67881.0,,Formosa
33,2022,2,115314.0,0.0,115314.0,,Jujuy
34,2022,2,111356.0,171.0,111527.0,,La Pampa
35,2022,2,86026.0,4.0,86030.0,,La Rioja
36,2022,2,278785.0,777.0,279562.0,,Mendoza
37,2022,2,178813.0,0.0,178813.0,,Misiones
38,2022,2,161500.0,468.0,161968.0,,Neuquén
39,2022,2,159216.0,548.0,159764.0,,Río Negro
40,2022,2,203172.0,5.0,203177.0,,Salta
41,2022,2,100126.0,281.0,100407.0,,San Juan
42,2022,2,121559.0,182.0,121741.0,,San Luis
43,2022,2,48987.0,198.0,49185.0,,Santa Cruz
44,2022,2,878749.0,110.0,878859.0,,Santa Fe
45,2022,2,118042.0,2.0,118044.0,,Santiago Del Estero
46,2022,2,53458.0,312.0,53770.0,,Tierra Del Fuego
47,2022,2,254497.0,30.0,254527.0,,Tucumán
48,2022,1,4549131.0,6.293,4555424.0,,Buenos Aires
49,2022,1,1415378.0,2.163,1417541.0,,Capital Federal
50,2022,1,62377.0,1.0,62378.0,,Catamarca
51,2022,1,144114.0,5.0,144119.0,,Chaco
52,2022,1,170701.0,927.0,171628.0,,Chubut
53,2022,1,1003729.0,74.0,1003803.0,,Córdoba
54,2022,1,142574.0,4.0,142578.0,,Corrientes
55,2022,1,267904.0,22.0,267926.0,,Entre Ríos
56,2022,1,54548.0,0.0,54548.0,,Formosa
57,2022,1,116509.0,0.0,116509.0,,Jujuy
58,2022,1,109560.0,172.0,109732.0,,La Pampa
59,2022,1,84299.0,4.0,84303.0,,La Rioja
60,2022,1,274399.0,786.0,275185.0,,Mendoza
61,2022,1,171508.0,0.0,171508.0,,Misiones
62,2022,1,149208.0,471.0,149679.0,,Neuquén
63,2022,1,156821.0,553.0,157374.0,,Río Negro
64,2022,1,197510.0,5.0,197515.0,,Salta
65,2022,1,87888.0,290.0,88178.0,,San Juan
66,2022,1,119659.0,185.0,119844.0,,San Luis
67,2022,1,48898.0,204.0,49102.0,,Santa Cruz
68,2022,1,870364.0,115.0,870479.0,,Santa Fe
69,2022,1,116459.0,2.0,116461.0,,Santiago Del Estero
70,2022,1,52298.0,313.0,52611.0,,Tierra Del Fuego
71,2022,1,245554.0,30.0,245584.0,,Tucumán
72,2021,4,4502772.0,6.385,4509157.0,,Buenos Aires
73,2021,4,1409935.0,2.184,1412119.0,,Capital Federal
74,2021,4,59089.0,1.0,59090.0,,Catamarca
75,2021,4,143740.0,5.0,143745.0,,Chaco
76,2021,4,159364.0,944.0,160308.0,,Chubut
77,2021,4,986693.0,77.0,986770.0,,Córdoba
78,2021,4,135908.0,4.0,135912.0,,Corrientes
79,2021,4,265024.0,22.0,265046.0,,Entre Ríos
80,2021,4,53663.0,0.0,53663.0,,Formosa
81,2021,4,113915.0,0.0,113915.0,,Jujuy
82,2021,4,106834.0,173.0,107007.0,,La Pampa
83,2021,4,83124.0,4.0,83128.0,,La Rioja
84,2021,4,266783.0,804.0,267587.0,,Mendoza
85,2021,4,171132.0,0.0,171132.0,,Misiones
86,2021,4,146989.0,477.0,147466.0,,Neuquén
87,2021,4,153189.0,564.0,153753.0,,Río Negro
88,2021,4,199399.0,6.0,199405.0,,Salta
89,2021,4,79667.0,291.0,79958.0,,San Juan
90,2021,4,118662.0,187.0,118849.0,,San Luis
91,2021,4,48276.0,210.0,48486.0,,Santa Cruz
92,2021,4,866265.0,176.0,866441.0,,Santa Fe
93,2021,4,115859.0,2.0,115861.0,,Santiago Del Estero
94,2021,4,52042.0,315.0,52357.0,,Tierra Del Fuego
95,2021,4,238609.0,30.0,238639.0,,Tucumán
96,2021,3,4246425.0,5.184,4251609.0,,Buenos Aires
97,2021,3,1411797.0,1.608,1413405.0,,Capital Federal
98,2021,3,56253.0,1.0,56254.0,,Catamarca
99,2021,3,139868.0,3.0,139871.0,,Chaco
100,2021,3,155266.0,800.0,156066.0,,Chubut
101,2021,3,946726.0,62.0,946788.0,,Córdoba
102,2021,3,133816.0,3.0,133819.0,,Corrientes
103,2021,3,260360.0,15.0,260375.0,,Entre Ríos
104,2021,3,52795.0,0.0,52795.0,,Formosa
105,2021,3,111158.0,0.0,111158.0,,Jujuy
106,2021,3,100371.0,116.0,100487.0,,La Pampa
107,2021,3,82157.0,3.0,82160.0,,La Rioja
108,2021,3,255320.0,619.0,255939.0,,Mendoza
109,2021,3,158528.0,0.0,158528.0,,Misiones
110,2021,3,139436.0,373.0,139809.0,,Neuquén
111,2021,3,144084.0,501.0,144585.0,,Río Negro
112,2021,3,195831.0,2.0,195833.0,,Salta
113,2021,3,79227.0,256.0,79483.0,,San Juan
114,2021,3,117716.0,148.0,117864.0,,San Luis
115,2021,3,48779.0,197.0,48976.0,,Santa Cruz
116,2021,3,841433.0,151.0,841584.0,,Santa Fe
117,2021,3,115457.0,1.0,115458.0,,Santiago Del Estero
118,2021,3,49934.0,289.0,50223.0,,Tierra Del Fuego
119,2021,3,232447.0,25.0,232472.0,,Tucumán
120,2021,2,4127167.0,5.184,4132351.0,,Buenos Aires
121,2021,2,1398747.0,1.608,1400355.0,,Capital Federal
122,2021,2,55743.0,1.0,55744.0,,Catamarca
123,2021,2,140726.0,3.0,140729.0,,Chaco
124,2021,2,138412.0,825.0,139237.0,,Chubut
125,2021,2,930818.0,62.0,930880.0,,Córdoba
126,2021,2,129498.0,3.0,129501.0,,Corrientes
127,2021,2,257617.0,15.0,257632.0,,Entre Ríos
128,2021,2,51551.0,0.0,51551.0,,Formosa
129,2021,2,111848.0,0.0,111848.0,,Jujuy
130,2021,2,97551.0,116.0,97667.0,,La Pampa
131,2021,2,81599.0,3.0,81602.0,,La Rioja
132,2021,2,229052.0,619.0,229671.0,,Mendoza
133,2021,2,156176.0,0.0,156176.0,,Misiones
134,2021,2,137877.0,373.0,138250.0,,Neuquén
135,2021,2,143583.0,501.0,144084.0,,Río Negro
136,2021,2,191637.0,2.0,191639.0,,Salta
137,2021,2,78677.0,256.0,78933.0,,San Juan
138,2021,2,122670.0,148.0,122818.0,,San Luis
139,2021,2,48785.0,197.0,48982.0,,Santa Cruz
140,2021,2,840449.0,151.0,840600.0,,Santa Fe
141,2021,2,114089.0,1.0,114090.0,,Santiago Del Estero
142,2021,2,35404.0,289.0,35693.0,,Tierra Del Fuego
143,2021,2,233026.0,25.0,233051.0,,Tucumán
144,2021,1,4054936.0,5.066,4060002.0,,Buenos Aires
145,2021,1,1378283.0,1.39,1379673.0,,Capital Federal
146,2021,1,51967.0,1.0,51968.0,,Catamarca
147,2021,1,139767.0,3.0,139770.0,,Chaco
148,2021,1,131515.0,825.0,132340.0,,Chubut
149,2021,1,910826.0,55.0,910881.0,,Córdoba
150,2021,1,126622.0,3.0,126625.0,,Corrientes
151,2021,1,251950.0,13.0,251963.0,,Entre Ríos
152,2021,1,50686.0,0.0,50686.0,,Formosa
153,2021,1,110456.0,0.0,110456.0,,Jujuy
154,2021,1,96989.0,116.0,97105.0,,La Pampa
155,2021,1,52625.0,3.0,52628.0,,La Rioja
156,2021,1,218308.0,615.0,218923.0,,Mendoza
157,2021,1,149387.0,0.0,149387.0,,Misiones
158,2021,1,132862.0,373.0,133235.0,,Neuquén
159,2021,1,140667.0,501.0,141168.0,,Río Negro
160,2021,1,187572.0,2.0,187574.0,,Salta
161,2021,1,78011.0,256.0,78267.0,,San Juan
162,2021,1,119006.0,148.0,119154.0,,San Luis
163,2021,1,45868.0,197.0,46065.0,,Santa Cruz
164,2021,1,825990.0,137.0,826127.0,,Santa Fe
165,2021,1,111640.0,1.0,111641.0,,Santiago Del Estero
166,2021,1,40133.0,289.0,40422.0,,Tierra Del Fuego
167,2021,1,231890.0,22.0,231912.0,,Tucumán
168,2020,4,4028195.0,5.066,4033261.0,,Buenos Aires
169,2020,4,1378140.0,1.39,1379530.0,,Capital Federal
170,2020,4,52395.0,1.0,52396.0,,Catamarca
171,2020,4,139088.0,3.0,139091.0,,Chaco
172,2020,4,129749.0,825.0,130574.0,,Chubut
173,2020,4,902646.0,55.0,902701.0,,Córdoba
174,2020,4,125656.0,3.0,125659.0,,Corrientes
175,2020,4,247368.0,13.0,247381.0,,Entre Ríos
176,2020,4,50206.0,0.0,50206.0,,Formosa
177,2020,4,105851.0,0.0,105851.0,,Jujuy
178,2020,4,96779.0,116.0,96895.0,,La Pampa
179,2020,4,52775.0,3.0,52778.0,,La Rioja
180,2020,4,214838.0,615.0,215453.0,,Mendoza
181,2020,4,147161.0,0.0,147161.0,,Misiones
182,2020,4,132762.0,373.0,133135.0,,Neuquén
183,2020,4,140709.0,501.0,141210.0,,Río Negro
184,2020,4,187388.0,2.0,187390.0,,Salta
185,2020,4,72340.0,256.0,72596.0,,San Juan
186,2020,4,119287.0,148.0,119435.0,,San Luis
187,2020,4,40477.0,197.0,40674.0,,Santa Cruz
188,2020,4,820676.0,137.0,820813.0,,Santa Fe
189,2020,4,106668.0,1.0,106669.0,,Santiago Del Estero
190,2020,4,39325.0,289.0,39614.0,,Tierra Del Fuego
191,2020,4,231067.0,22.0,231089.0,,Tucumán
192,2020,3,3932211.0,5.066,3937277.0,,Buenos Aires
193,2020,3,1371285.0,1.39,1372675.0,,Capital Federal
194,2020,3,49903.0,1.0,49904.0,,Catamarca
195,2020,3,133951.0,3.0,133954.0,,Chaco
196,2020,3,129202.0,825.0,130027.0,,Chubut
197,2020,3,867417.0,55.0,867472.0,,Córdoba
198,2020,3,123388.0,3.0,123391.0,,Corrientes
199,2020,3,241482.0,13.0,241495.0,,Entre Ríos
200,2020,3,49209.0,0.0,49209.0,,Formosa
201,2020,3,106728.0,0.0,106728.0,,Jujuy
202,2020,3,93619.0,116.0,93735.0,,La Pampa
203,2020,3,52613.0,3.0,52616.0,,La Rioja
204,2020,3,207173.0,615.0,207788.0,,Mendoza
205,2020,3,143186.0,0.0,143186.0,,Misiones
206,2020,3,128862.0,373.0,129235.0,,Neuquén
207,2020,3,130966.0,501.0,131467.0,,Río Negro
208,2020,3,180844.0,2.0,180846.0,,Salta
209,2020,3,77071.0,256.0,77327.0,,San Juan
210,2020,3,116417.0,148.0,116565.0,,San Luis
211,2020,3,39084.0,197.0,39281.0,,Santa Cruz
212,2020,3,802861.0,137.0,802998.0,,Santa Fe
213,2020,3,105491.0,1.0,105492.0,,Santiago Del Estero
214,2020,3,39366.0,289.0,39655.0,,Tierra Del Fuego
215,2020,3,223854.0,22.0,223876.0,,Tucumán
216,2020,2,3772480.0,5.066,3777546.0,,Buenos Aires
217,2020,2,1356431.0,1.39,1357821.0,,Capital Federal
218,2020,2,47975.0,1.0,47976.0,,Catamarca
219,2020,2,128129.0,3.0,128132.0,,Chaco
220,2020,2,107831.0,825.0,108656.0,,Chubut
221,2020,2,836413.0,55.0,836468.0,,Córdoba
222,2020,2,118863.0,3.0,118866.0,,Corrientes
223,2020,2,234100.0,13.0,234113.0,,Entre Ríos
224,2020,2,47932.0,0.0,47932.0,,Formosa
225,2020,2,94316.0,0.0,94316.0,,Jujuy
226,2020,2,89693.0,116.0,89809.0,,La Pampa
227,2020,2,52152.0,3.0,52155.0,,La Rioja
228,2020,2,200569.0,615.0,201184.0,,Mendoza
229,2020,2,140340.0,0.0,140340.0,,Misiones
230,2020,2,125799.0,373.0,126172.0,,Neuquén
231,2020,2,128985.0,501.0,129486.0,,Río Negro
232,2020,2,177760.0,2.0,177762.0,,Salta
233,2020,2,69521.0,256.0,69777.0,,San Juan
234,2020,2,113804.0,148.0,113952.0,,San Luis
235,2020,2,38672.0,197.0,38869.0,,Santa Cruz
236,2020,2,777795.0,137.0,777932.0,,Santa Fe
237,2020,2,105446.0,1.0,105447.0,,Santiago Del Estero
238,2020,2,38900.0,289.0,39189.0,,Tierra Del Fuego
239,2020,2,217134.0,22.0,217156.0,,Tucumán
240,2020,1,3702985.0,5.066,3708051.0,,Buenos Aires
241,2020,1,1352104.0,1.39,1353494.0,,Capital Federal
242,2020,1,39634.0,1.0,39635.0,,Catamarca
243,2020,1,120274.0,3.0,120277.0,,Chaco
244,2020,1,95938.0,800.0,96738.0,,Chubut
245,2020,1,811044.0,55.0,811099.0,,Córdoba
246,2020,1,113967.0,3.0,113970.0,,Corrientes
247,2020,1,231833.0,13.0,231846.0,,Entre Ríos
248,2020,1,46434.0,0.0,46434.0,,Formosa
249,2020,1,91665.0,0.0,91665.0,,Jujuy
250,2020,1,89110.0,116.0,89226.0,,La Pampa
251,2020,1,48337.0,3.0,48340.0,,La Rioja
252,2020,1,182837.0,615.0,183452.0,,Mendoza
253,2020,1,133552.0,0.0,133552.0,,Misiones
254,2020,1,121354.0,373.0,121727.0,,Neuquén
255,2020,1,125699.0,501.0,126200.0,,Río Negro
256,2020,1,170379.0,2.0,170381.0,,Salta
257,2020,1,63975.0,256.0,64231.0,,San Juan
258,2020,1,110404.0,148.0,110552.0,,San Luis
259,2020,1,38625.0,197.0,38822.0,,Santa Cruz
260,2020,1,770981.0,137.0,771118.0,,Santa Fe
261,2020,1,102754.0,1.0,102755.0,,Santiago Del Estero
262,2020,1,38505.0,289.0,38794.0,,Tierra Del Fuego
263,2020,1,200045.0,22.0,200067.0,,Tucumán
264,2019,4,3681120.0,5.134,3686254.0,,Buenos Aires
265,2019,4,1356695.0,1.41,1358105.0,,Capital Federal
266,2019,4,38310.0,1.0,38311.0,,Catamarca
267,2019,4,117900.0,3.0,117903.0,,Chaco
268,2019,4,95292.0,810.0,96102.0,,Chubut
269,2019,4,806633.0,55.0,806688.0,,Córdoba
270,2019,4,113831.0,3.0,113834.0,,Corrientes
271,2019,4,239017.0,13.0,239030.0,,Entre Ríos
272,2019,4,46711.0,0.0,46711.0,,Formosa
273,2019,4,88881.0,0.0,88881.0,,Jujuy
274,2019,4,90280.0,119.0,90399.0,,La Pampa
275,2019,4,48999.0,3.0,49002.0,,La Rioja
276,2019,4,185157.0,623.0,185780.0,,Mendoza
277,2019,4,135813.0,0.0,135813.0,,Misiones
278,2019,4,116069.0,376.0,116445.0,,Neuquén
279,2019,4,126636.0,504.0,127140.0,,Río Negro
280,2019,4,172443.0,2.0,172445.0,,Salta
281,2019,4,64715.0,259.0,64974.0,,San Juan
282,2019,4,108053.0,148.0,108201.0,,San Luis
283,2019,4,39170.0,200.0,39370.0,,Santa Cruz
284,2019,4,769019.0,150.0,769169.0,,Santa Fe
285,2019,4,103587.0,1.0,103588.0,,Santiago Del Estero
286,2019,4,40101.0,291.0,40392.0,,Tierra Del Fuego
287,2019,4,198621.0,23.0,198644.0,,Tucumán
288,2019,3,3950114.0,10.119,3960233.0,,Buenos Aires
289,2019,3,1437734.0,3.477,1441211.0,,Capital Federal
290,2019,3,32391.0,9.0,32400.0,,Catamarca
291,2019,3,114438.0,13.0,114451.0,,Chaco
292,2019,3,87481.0,1.524,89005.0,,Chubut
293,2019,3,782946.0,107.0,783053.0,,Córdoba
294,2019,3,112749.0,10.0,112759.0,,Corrientes
295,2019,3,238057.0,45.0,238102.0,,Entre Ríos
296,2019,3,46066.0,0.0,46066.0,,Formosa
297,2019,3,86575.0,1.0,86576.0,,Jujuy
298,2019,3,90559.0,269.0,90828.0,,La Pampa
299,2019,3,49659.0,18.0,49677.0,,La Rioja
300,2019,3,223015.0,1.322,224337.0,,Mendoza
301,2019,3,133883.0,0.0,133883.0,,Misiones
302,2019,3,123435.0,1.986,125421.0,,Neuquén
303,2019,3,143391.0,904.0,144295.0,,Río Negro
304,2019,3,151834.0,1.0,151835.0,,Salta
305,2019,3,72535.0,563.0,73098.0,,San Juan
306,2019,3,122409.0,291.0,122700.0,,San Luis
307,2019,3,37642.0,328.0,37970.0,,Santa Cruz
308,2019,3,760706.0,228.0,760934.0,,Santa Fe
309,2019,3,133130.0,2.0,133132.0,,Santiago Del Estero
310,2019,3,48043.0,544.0,48587.0,,Tierra Del Fuego
311,2019,3,164099.0,32.0,164131.0,,Tucumán
312,2019,2,3845594.0,10.104,3855698.0,,Buenos Aires
313,2019,2,1412177.0,3.443,1415620.0,,Capital Federal
314,2019,2,33626.0,9.0,33635.0,,Catamarca
315,2019,2,108721.0,13.0,108734.0,,Chaco
316,2019,2,86038.0,1.518,87556.0,,Chubut
317,2019,2,775023.0,105.0,775128.0,,Córdoba
318,2019,2,111539.0,10.0,111549.0,,Corrientes
319,2019,2,235780.0,44.0,235824.0,,Entre Ríos
320,2019,2,46438.0,0.0,46438.0,,Formosa
321,2019,2,86706.0,1.0,86707.0,,Jujuy
322,2019,2,89937.0,268.0,90205.0,,La Pampa
323,2019,2,50283.0,18.0,50301.0,,La Rioja
324,2019,2,222535.0,1.322,223857.0,,Mendoza
325,2019,2,132878.0,0.0,132878.0,,Misiones
326,2019,2,120954.0,1.999,122953.0,,Neuquén
327,2019,2,137632.0,915.0,138547.0,,Río Negro
328,2019,2,142567.0,1.0,142568.0,,Salta
329,2019,2,69461.0,564.0,70025.0,,San Juan
330,2019,2,117094.0,291.0,117385.0,,San Luis
331,2019,2,30225.0,325.0,30550.0,,Santa Cruz
332,2019,2,743258.0,226.0,743484.0,,Santa Fe
333,2019,2,126752.0,2.0,126754.0,,Santiago Del Estero
334,2019,2,46910.0,544.0,47454.0,,Tierra Del Fuego
335,2019,2,166299.0,32.0,166331.0,,Tucumán
336,2019,1,3736563.0,10.104,3746667.0,,Buenos Aires
337,2019,1,1396157.0,3.443,1399600.0,,Capital Federal
338,2019,1,33613.0,9.0,33622.0,,Catamarca
339,2019,1,103664.0,13.0,103677.0,,Chaco
340,2019,1,78260.0,1.518,79778.0,,Chubut
341,2019,1,744010.0,105.0,744115.0,,Córdoba
342,2019,1,102477.0,10.0,102487.0,,Corrientes
343,2019,1,232403.0,44.0,232447.0,,Entre Ríos
344,2019,1,45211.0,0.0,45211.0,,Formosa
345,2019,1,90146.0,1.0,90147.0,,Jujuy
346,2019,1,88892.0,268.0,89160.0,,La Pampa
347,2019,1,51638.0,18.0,51656.0,,La Rioja
348,2019,1,204976.0,1.322,206298.0,,Mendoza
349,2019,1,122720.0,0.0,122720.0,,Misiones
350,2019,1,112321.0,2.056,114377.0,,Neuquén
351,2019,1,120173.0,915.0,121088.0,,Río Negro
352,2019,1,136019.0,1.0,136020.0,,Salta
353,2019,1,61881.0,564.0,62445.0,,San Juan
354,2019,1,96044.0,291.0,96335.0,,San Luis
355,2019,1,24580.0,325.0,24905.0,,Santa Cruz
356,2019,1,736851.0,227.0,737078.0,,Santa Fe
357,2019,1,89851.0,2.0,89853.0,,Santiago Del Estero
358,2019,1,45903.0,544.0,46447.0,,Tierra Del Fuego
359,2019,1,171970.0,32.0,172002.0,,Tucumán
360,2018,4,3626502.0,10.104,3636606.0,,Buenos Aires
361,2018,4,1385577.0,3.443,1389020.0,,Capital Federal
362,2018,4,33574.0,9.0,33583.0,,Catamarca
363,2018,4,103257.0,13.0,103270.0,,Chaco
364,2018,4,77204.0,1.518,78722.0,,Chubut
365,2018,4,737234.0,105.0,737339.0,,Córdoba
366,2018,4,100591.0,10.0,100601.0,,Corrientes
367,2018,4,222003.0,44.0,222047.0,,Entre Ríos
368,2018,4,45204.0,0.0,45204.0,,Formosa
369,2018,4,90132.0,1.0,90133.0,,Jujuy
370,2018,4,85368.0,268.0,85636.0,,La Pampa
371,2018,4,51633.0,18.0,51651.0,,La Rioja
372,2018,4,204982.0,1.322,206304.0,,Mendoza
373,2018,4,116273.0,0.0,116273.0,,Misiones
374,2018,4,112309.0,2.056,114365.0,,Neuquén
375,2018,4,115922.0,915.0,116837.0,,Río Negro
376,2018,4,134577.0,1.0,134578.0,,Salta
377,2018,4,61834.0,564.0,62398.0,,San Juan
378,2018,4,96040.0,291.0,96331.0,,San Luis
379,2018,4,24443.0,325.0,24768.0,,Santa Cruz
380,2018,4,720161.0,229.0,720390.0,,Santa Fe
381,2018,4,89333.0,2.0,89335.0,,Santiago Del Estero
382,2018,4,45716.0,544.0,46260.0,,Tierra Del Fuego
383,2018,4,171972.0,32.0,172004.0,,Tucumán
384,2018,3,3599714.0,10.563,3610277.0,,Buenos Aires
385,2018,3,1385804.0,6.686,1392490.0,,Capital Federal
386,2018,3,34215.0,11.0,34226.0,,Catamarca
387,2018,3,102021.0,12.0,102033.0,,Chaco
388,2018,3,101310.0,2.426,103736.0,,Chubut
389,2018,3,725764.0,94.0,725858.0,,Córdoba
390,2018,3,99445.0,11.0,99456.0,,Corrientes
391,2018,3,204560.0,48.0,204608.0,,Entre Ríos
392,2018,3,44865.0,0.0,44865.0,,Formosa
393,2018,3,44934.0,1.0,44935.0,,Jujuy
394,2018,3,83180.0,244.0,83424.0,,La Pampa
395,2018,3,51855.0,17.0,51872.0,,La Rioja
396,2018,3,205545.0,1.484,207029.0,,Mendoza
397,2018,3,108042.0,0.0,108042.0,,Misiones
398,2018,3,114713.0,2.005,116718.0,,Neuquén
399,2018,3,112433.0,1.059,113492.0,,Río Negro
400,2018,3,132882.0,1.0,132883.0,,Salta
401,2018,3,63823.0,658.0,64481.0,,San Juan
402,2018,3,74121.0,300.0,74421.0,,San Luis
403,2018,3,33565.0,434.0,33999.0,,Santa Cruz
404,2018,3,694883.0,217.0,695100.0,,Santa Fe
405,2018,3,86358.0,2.0,86360.0,,Santiago Del Estero
406,2018,3,45056.0,508.0,45564.0,,Tierra Del Fuego
407,2018,3,171135.0,31.0,171166.0,,Tucumán
408,2018,2,3490134.0,10.565,3500699.0,,Buenos Aires
409,2018,2,1362498.0,6.688,1369186.0,,Capital Federal
410,2018,2,34078.0,11.0,34089.0,,Catamarca
411,2018,2,98509.0,12.0,98521.0,,Chaco
412,2018,2,98137.0,2.427,100564.0,,Chubut
413,2018,2,712979.0,94.0,713073.0,,Córdoba
414,2018,2,97946.0,11.0,97957.0,,Corrientes
415,2018,2,199937.0,48.0,199985.0,,Entre Ríos
416,2018,2,44554.0,,44554.0,,Formosa
417,2018,2,45132.0,1.0,45133.0,,Jujuy
418,2018,2,82177.0,244.0,82421.0,,La Pampa
419,2018,2,51931.0,17.0,51948.0,,La Rioja
420,2018,2,199468.0,1.484,200952.0,,Mendoza
421,2018,2,106147.0,,106147.0,,Misiones
422,2018,2,113842.0,2.006,115848.0,,Neuquén
423,2018,2,111176.0,1.059,112235.0,,Río Negro
424,2018,2,134166.0,1.0,134167.0,,Salta
425,2018,2,63443.0,658.0,64101.0,,San Juan
426,2018,2,21168.0,300.0,21468.0,,San Luis
427,2018,2,33970.0,435.0,34405.0,,Santa Cruz
428,2018,2,684243.0,309.0,684552.0,,Santa Fe
429,2018,2,83773.0,2.0,83775.0,,Santiago Del Estero
430,2018,2,44199.0,508.0,44707.0,,Tierra Del Fuego
431,2018,2,169926.0,31.0,169957.0,,Tucumán
432,2018,1,3464882.0,10.564,3475446.0,,Buenos Aires
433,2018,1,1359882.0,6.688,1366570.0,,Capital Federal
434,2018,1,33934.0,11.0,33945.0,,Catamarca
435,2018,1,96925.0,12.0,96937.0,,Chaco
436,2018,1,95532.0,2.427,97959.0,,Chubut
437,2018,1,713825.0,101.0,713926.0,,Córdoba
438,2018,1,94406.0,11.0,94417.0,,Corrientes
439,2018,1,197346.0,48.0,197394.0,,Entre Ríos
440,2018,1,32328.0,0.0,32328.0,,Formosa
441,2018,1,44405.0,1.0,44406.0,,Jujuy
442,2018,1,82668.0,396.0,83064.0,,La Pampa
443,2018,1,52228.0,17.0,52245.0,,La Rioja
444,2018,1,199463.0,1.484,200947.0,,Mendoza
445,2018,1,103580.0,0.0,103580.0,,Misiones
446,2018,1,115897.0,2.006,117903.0,,Neuquén
447,2018,1,110057.0,1.062,111119.0,,Río Negro
448,2018,1,133182.0,1.0,133183.0,,Salta
449,2018,1,62610.0,658.0,63268.0,,San Juan
450,2018,1,21096.0,300.0,21396.0,,San Luis
451,2018,1,33970.0,435.0,34405.0,,Santa Cruz
452,2018,1,679717.0,309.0,680026.0,,Santa Fe
453,2018,1,82916.0,2.0,82918.0,,Santiago Del Estero
454,2018,1,31106.0,508.0,31614.0,,Tierra Del Fuego
455,2018,1,168026.0,31.0,168057.0,,Tucumán
456,2017,4,3171206.0,10.69,3181896.0,,Buenos Aires
457,2017,4,1575418.0,6.906,1582324.0,,Capital Federal
458,2017,4,29548.0,10.0,29558.0,,Catamarca
459,2017,4,96603.0,12.0,96615.0,,Chaco
460,2017,4,91012.0,2.428,93440.0,,Chubut
461,2017,4,709874.0,105.0,709979.0,,Córdoba
462,2017,4,93760.0,11.0,93771.0,,Corrientes
463,2017,4,193654.0,49.0,193703.0,,Entre Ríos
464,2017,4,32056.0,0.0,32056.0,,Formosa
465,2017,4,43551.0,1.0,43552.0,,Jujuy
466,2017,4,81675.0,396.0,82071.0,,La Pampa
467,2017,4,52177.0,17.0,52194.0,,La Rioja
468,2017,4,178661.0,1.49,180151.0,,Mendoza
469,2017,4,103895.0,0.0,103895.0,,Misiones
470,2017,4,114965.0,2.006,116971.0,,Neuquén
471,2017,4,108702.0,1.062,109764.0,,Río Negro
472,2017,4,132811.0,1.0,132812.0,,Salta
473,2017,4,57965.0,659.0,58624.0,,San Juan
474,2017,4,14604.0,300.0,14904.0,,San Luis
475,2017,4,29018.0,434.0,29452.0,,Santa Cruz
476,2017,4,672137.0,323.0,672460.0,,Santa Fe
477,2017,4,68842.0,2.0,68844.0,,Santiago Del Estero
478,2017,4,28346.0,508.0,28854.0,,Tierra Del Fuego
479,2017,4,162298.0,34.0,162332.0,,Tucumán
480,2017,3,3046758.0,11.202,3057960.0,,Buenos Aires
481,2017,3,1563289.0,7.07,1570359.0,,Capital Federal
482,2017,3,33467.0,11.0,33478.0,,Catamarca
483,2017,3,93747.0,12.0,93759.0,,Chaco
484,2017,3,81067.0,2.477,83544.0,,Chubut
485,2017,3,696536.0,108.0,696644.0,,Córdoba
486,2017,3,92536.0,12.0,92548.0,,Corrientes
487,2017,3,185414.0,50.0,185464.0,,Entre Ríos
488,2017,3,32105.0,0.0,32105.0,,Formosa
489,2017,3,43241.0,1.0,43242.0,,Jujuy
490,2017,3,79280.0,410.0,79690.0,,La Pampa
491,2017,3,51896.0,17.0,51913.0,,La Rioja
492,2017,3,190958.0,1.533,192491.0,,Mendoza
493,2017,3,100476.0,0.0,100476.0,,Misiones
494,2017,3,113755.0,2.029,115784.0,,Neuquén
495,2017,3,106393.0,1.103,107496.0,,Río Negro
496,2017,3,132517.0,1.0,132518.0,,Salta
497,2017,3,61789.0,660.0,62449.0,,San Juan
498,2017,3,21408.0,311.0,21719.0,,San Luis
499,2017,3,33222.0,468.0,33690.0,,Santa Cruz
500,2017,3,662086.0,256.0,662342.0,,Santa Fe
501,2017,3,82792.0,2.0,82794.0,,Santiago Del Estero
502,2017,3,30883.0,583.0,31466.0,,Tierra Del Fuego
503,2017,3,160979.0,33.0,161012.0,,Tucumán
504,2017,2,3067430.0,11.201,3078631.0,,Buenos Aires
505,2017,2,1592175.0,8.016,1600191.0,,Capital Federal
506,2017,2,26692.0,13.0,26705.0,,Catamarca
507,2017,2,90597.0,14.0,90611.0,,Chaco
508,2017,2,62245.0,1.73,63975.0,,Chubut
509,2017,2,657505.0,133.0,657638.0,,Córdoba
510,2017,2,90085.0,12.0,90097.0,,Corrientes
511,2017,2,182675.0,57.0,182732.0,,Entre Ríos
512,2017,2,29956.0,0.0,29956.0,,Formosa
513,2017,2,42656.0,1.0,42657.0,,Jujuy
514,2017,2,72573.0,449.0,73022.0,,La Pampa
515,2017,2,16271.0,18.0,16289.0,,La Rioja
516,2017,2,169302.0,1.451,170753.0,,Mendoza
517,2017,2,99794.0,0.0,99794.0,,Misiones
518,2017,2,115321.0,2.112,117433.0,,Neuquén
519,2017,2,100621.0,998.0,101619.0,,Río Negro
520,2017,2,108540.0,1.0,108541.0,,Salta
521,2017,2,51261.0,620.0,51881.0,,San Juan
522,2017,2,12992.0,315.0,13307.0,,San Luis
523,2017,2,26019.0,369.0,26388.0,,Santa Cruz
524,2017,2,566918.0,362.0,567280.0,,Santa Fe
525,2017,2,33194.0,2.0,33196.0,,Santiago Del Estero
526,2017,2,31938.0,619.0,32557.0,,Tierra Del Fuego
527,2017,2,154374.0,37.0,154411.0,,Tucumán
528,2017,1,3178174.0,11.202,3189376.0,,Buenos Aires
529,2017,1,1391030.0,8.016,1399046.0,,Capital Federal
530,2017,1,26304.0,13.0,26317.0,,Catamarca
531,2017,1,89036.0,14.0,89050.0,,Chaco
532,2017,1,62166.0,1.73,63896.0,,Chubut
533,2017,1,641066.0,133.0,641199.0,,Córdoba
534,2017,1,88596.0,12.0,88608.0,,Corrientes
535,2017,1,180296.0,57.0,180353.0,,Entre Ríos
536,2017,1,29705.0,0.0,29705.0,,Formosa
537,2017,1,43202.0,1.0,43203.0,,Jujuy
538,2017,1,71458.0,455.0,71913.0,,La Pampa
539,2017,1,16207.0,18.0,16225.0,,La Rioja
540,2017,1,169282.0,1.451,170733.0,,Mendoza
541,2017,1,97619.0,0.0,97619.0,,Misiones
542,2017,1,113227.0,2.112,115339.0,,Neuquén
543,2017,1,100288.0,1.0,101288.0,,Río Negro
544,2017,1,107632.0,1.0,107633.0,,Salta
545,2017,1,51253.0,620.0,51873.0,,San Juan
546,2017,1,12992.0,315.0,13307.0,,San Luis
547,2017,1,26116.0,370.0,26486.0,,Santa Cruz
548,2017,1,562520.0,362.0,562882.0,,Santa Fe
549,2017,1,34473.0,2.0,34475.0,,Santiago Del Estero
550,2017,1,31938.0,619.0,32557.0,,Tierra Del Fuego
551,2017,1,152734.0,37.0,152771.0,,Tucumán
552,2016,4,3131499.0,11.202,3142701.0,,Buenos Aires
553,2016,4,1393443.0,8.016,1401459.0,,Capital Federal
554,2016,4,27021.0,13.0,27034.0,,Catamarca
555,2016,4,88833.0,14.0,88847.0,,Chaco
556,2016,4,62035.0,1.73,63765.0,,Chubut
557,2016,4,636422.0,133.0,636555.0,,Córdoba
558,2016,4,88084.0,12.0,88096.0,,Corrientes
559,2016,4,180188.0,57.0,180245.0,,Entre Ríos
560,2016,4,29513.0,0.0,29513.0,,Formosa
561,2016,4,42624.0,1.0,42625.0,,Jujuy
562,2016,4,71368.0,460.0,71828.0,,La Pampa
563,2016,4,16298.0,18.0,16316.0,,La Rioja
564,2016,4,169274.0,1.451,170725.0,,Mendoza
565,2016,4,97390.0,0.0,97390.0,,Misiones
566,2016,4,111723.0,2.112,113835.0,,Neuquén
567,2016,4,100020.0,1.0,101020.0,,Río Negro
568,2016,4,106934.0,1.0,106935.0,,Salta
569,2016,4,51301.0,620.0,51921.0,,San Juan
570,2016,4,12992.0,315.0,13307.0,,San Luis
571,2016,4,26094.0,370.0,26464.0,,Santa Cruz
572,2016,4,561470.0,362.0,561832.0,,Santa Fe
573,2016,4,35049.0,2.0,35051.0,,Santiago Del Estero
574,2016,4,31938.0,619.0,32557.0,,Tierra Del Fuego
575,2016,4,151615.0,37.0,151652.0,,Tucumán
576,2016,3,3075387.0,11.205,3086592.0,,Buenos Aires
577,2016,3,1395053.0,8.051,1403104.0,,Capital Federal
578,2016,3,26957.0,13.0,26970.0,,Catamarca
579,2016,3,89216.0,14.0,89230.0,,Chaco
580,2016,3,62222.0,1.73,63952.0,,Chubut
581,2016,3,642458.0,133.0,642591.0,,Córdoba
582,2016,3,88328.0,12.0,88340.0,,Corrientes
583,2016,3,181092.0,57.0,181149.0,,Entre Ríos
584,2016,3,27716.0,0.0,27716.0,,Formosa
585,2016,3,42537.0,1.0,42538.0,,Jujuy
586,2016,3,69903.0,461.0,70364.0,,La Pampa
587,2016,3,16912.0,18.0,16930.0,,La Rioja
588,2016,3,169174.0,1.45,170624.0,,Mendoza
589,2016,3,97997.0,0.0,97997.0,,Misiones
590,2016,3,110491.0,2.112,112603.0,,Neuquén
591,2016,3,100024.0,1.002,101026.0,,Río Negro
592,2016,3,107790.0,1.0,107791.0,,Salta
593,2016,3,51348.0,620.0,51968.0,,San Juan
594,2016,3,12978.0,315.0,13293.0,,San Luis
595,2016,3,25886.0,371.0,26257.0,,Santa Cruz
596,2016,3,566625.0,386.0,567011.0,,Santa Fe
597,2016,3,35658.0,2.0,35660.0,,Santiago Del Estero
598,2016,3,31306.0,619.0,31925.0,,Tierra Del Fuego
599,2016,3,151282.0,37.0,151319.0,,Tucumán
600,2016,2,3032776.0,12.515,3045291.0,,Buenos Aires
601,2016,2,1384824.0,9.76,1394584.0,,Capital Federal
602,2016,2,26543.0,13.0,26556.0,,Catamarca
603,2016,2,88235.0,16.0,88251.0,,Chaco
604,2016,2,62116.0,1.74,63856.0,,Chubut
605,2016,2,634680.0,234.0,634914.0,,Córdoba
606,2016,2,86932.0,24.0,86956.0,,Corrientes
607,2016,2,178194.0,179.0,178373.0,,Entre Ríos
608,2016,2,28801.0,1.0,28802.0,,Formosa
609,2016,2,41187.0,2.0,41189.0,,Jujuy
610,2016,2,68403.0,485.0,68888.0,,La Pampa
611,2016,2,16718.0,18.0,16736.0,,La Rioja
612,2016,2,169274.0,1.55,170824.0,,Mendoza
613,2016,2,95808.0,7.0,95815.0,,Misiones
614,2016,2,108224.0,2.291,110515.0,,Neuquén
615,2016,2,99631.0,1.073,100704.0,,Río Negro
616,2016,2,104929.0,3.0,104932.0,,Salta
617,2016,2,51392.0,621.0,52013.0,,San Juan
618,2016,2,12939.0,317.0,13256.0,,San Luis
619,2016,2,25797.0,356.0,26153.0,,Santa Cruz
620,2016,2,563867.0,607.0,564474.0,,Santa Fe
621,2016,2,36958.0,3.0,36961.0,,Santiago Del Estero
622,2016,2,30740.0,619.0,31359.0,,Tierra Del Fuego
623,2016,2,148636.0,41.0,148677.0,,Tucumán
624,2016,1,2929903.0,12.612,2942515.0,,Buenos Aires
625,2016,1,1328079.0,9.817,1337896.0,,Capital Federal
626,2016,1,26376.0,13.0,26389.0,,Catamarca
627,2016,1,86635.0,16.0,86651.0,,Chaco
628,2016,1,62060.0,1.74,63800.0,,Chubut
629,2016,1,609692.0,234.0,609926.0,,Córdoba
630,2016,1,85510.0,26.0,85536.0,,Corrientes
631,2016,1,174634.0,179.0,174813.0,,Entre Ríos
632,2016,1,28313.0,1.0,28314.0,,Formosa
633,2016,1,40287.0,2.0,40289.0,,Jujuy
634,2016,1,65442.0,487.0,65929.0,,La Pampa
635,2016,1,16673.0,18.0,16691.0,,La Rioja
636,2016,1,169257.0,1.553,170810.0,,Mendoza
637,2016,1,92951.0,7.0,92958.0,,Misiones
638,2016,1,101969.0,2.292,104261.0,,Neuquén
639,2016,1,98745.0,1.077,99822.0,,Río Negro
640,2016,1,102423.0,3.0,102426.0,,Salta
641,2016,1,51373.0,621.0,51994.0,,San Juan
642,2016,1,12915.0,317.0,13232.0,,San Luis
643,2016,1,25931.0,356.0,26287.0,,Santa Cruz
644,2016,1,551378.0,618.0,551996.0,,Santa Fe
645,2016,1,37695.0,3.0,37698.0,,Santiago Del Estero
646,2016,1,29867.0,619.0,30486.0,,Tierra Del Fuego
647,2016,1,146596.0,41.0,146637.0,,Tucumán
648,2015,4,2946743.0,12.642,2959385.0,,Buenos Aires
649,2015,4,1360381.0,9.845,1370226.0,,Capital Federal
650,2015,4,26459.0,13.0,26472.0,,Catamarca
651,2015,4,86537.0,16.0,86553.0,,Chaco
652,2015,4,62279.0,1.74,64019.0,,Chubut
653,2015,4,625835.0,235.0,626070.0,,Córdoba
654,2015,4,85409.0,26.0,85435.0,,Corrientes
655,2015,4,173957.0,180.0,174137.0,,Entre Ríos
656,2015,4,28088.0,1.0,28089.0,,Formosa
657,2015,4,39922.0,2.0,39924.0,,Jujuy
658,2015,4,66054.0,312.0,66366.0,,La Pampa
659,2015,4,16914.0,18.0,16932.0,,La Rioja
660,2015,4,169251.0,1.556,170807.0,,Mendoza
661,2015,4,92846.0,7.0,92853.0,,Misiones
662,2015,4,105122.0,2.294,107416.0,,Neuquén
663,2015,4,98655.0,1.067,99722.0,,Río Negro
664,2015,4,101917.0,3.0,101920.0,,Salta
665,2015,4,51408.0,621.0,52029.0,,San Juan
666,2015,4,12901.0,317.0,13218.0,,San Luis
667,2015,4,26047.0,356.0,26403.0,,Santa Cruz
668,2015,4,561045.0,627.0,561672.0,,Santa Fe
669,2015,4,39132.0,3.0,39135.0,,Santiago Del Estero
670,2015,4,29334.0,619.0,29953.0,,Tierra Del Fuego
671,2015,4,146053.0,42.0,146095.0,,Tucumán
672,2015,3,2916070.0,12.695,2928765.0,,Buenos Aires
673,2015,3,1362193.0,9.875,1372068.0,,Capital Federal
674,2015,3,26080.0,13.0,26093.0,,Catamarca
675,2015,3,85354.0,16.0,85370.0,,Chaco
676,2015,3,62143.0,1.74,63883.0,,Chubut
677,2015,3,622761.0,237.0,622998.0,,Córdoba
678,2015,3,84931.0,28.0,84959.0,,Corrientes
679,2015,3,172252.0,182.0,172434.0,,Entre Ríos
680,2015,3,27751.0,1.0,27752.0,,Formosa
681,2015,3,39548.0,2.0,39550.0,,Jujuy
682,2015,3,64976.0,495.0,65471.0,,La Pampa
683,2015,3,16753.0,18.0,16771.0,,La Rioja
684,2015,3,169261.0,1.562,170823.0,,Mendoza
685,2015,3,91615.0,7.0,91622.0,,Misiones
686,2015,3,98376.0,2.24,100616.0,,Neuquén
687,2015,3,98529.0,1.085,99614.0,,Río Negro
688,2015,3,100570.0,3.0,100573.0,,Salta
689,2015,3,51409.0,621.0,52030.0,,San Juan
690,2015,3,12902.0,317.0,13219.0,,San Luis
691,2015,3,25912.0,359.0,26271.0,,Santa Cruz
692,2015,3,556097.0,641.0,556738.0,,Santa Fe
693,2015,3,39394.0,3.0,39397.0,,Santiago Del Estero
694,2015,3,33118.0,619.0,33737.0,,Tierra Del Fuego
695,2015,3,144272.0,42.0,144314.0,,Tucumán
696,2015,2,2871079.0,12.711,2883790.0,,Buenos Aires
697,2015,2,1336391.0,9.893,1346284.0,,Capital Federal
698,2015,2,25666.0,13.0,25679.0,,Catamarca
699,2015,2,83832.0,16.0,83848.0,,Chaco
700,2015,2,61745.0,1.74,63485.0,,Chubut
701,2015,2,609510.0,236.0,609746.0,,Córdoba
702,2015,2,83288.0,28.0,83316.0,,Corrientes
703,2015,2,169309.0,183.0,169492.0,,Entre Ríos
704,2015,2,27013.0,37.0,27050.0,,Formosa
705,2015,2,37720.0,2.0,37722.0,,Jujuy
706,2015,2,63552.0,500.0,64052.0,,La Pampa
707,2015,2,16491.0,18.0,16509.0,,La Rioja
708,2015,2,169259.0,1.564,170823.0,,Mendoza
709,2015,2,88512.0,7.0,88519.0,,Misiones
710,2015,2,95644.0,2.241,97885.0,,Neuquén
711,2015,2,97640.0,1.087,98727.0,,Río Negro
712,2015,2,98264.0,3.0,98267.0,,Salta
713,2015,2,51367.0,621.0,51988.0,,San Juan
714,2015,2,12904.0,317.0,13221.0,,San Luis
715,2015,2,25384.0,379.0,25763.0,,Santa Cruz
716,2015,2,545739.0,649.0,546388.0,,Santa Fe
717,2015,2,39375.0,3.0,39378.0,,Santiago Del Estero
718,2015,2,32960.0,619.0,33579.0,,Tierra Del Fuego
719,2015,2,140635.0,42.0,140677.0,,Tucumán
720,2015,1,2847076.0,14.766,2861842.0,,Buenos Aires
721,2015,1,1321139.0,11.582,1332721.0,,Capital Federal
722,2015,1,25312.0,20.0,25332.0,,Catamarca
723,2015,1,81329.0,31.0,81360.0,,Chaco
724,2015,1,63327.0,1.946,65273.0,,Chubut
725,2015,1,596663.0,294.0,596957.0,,Córdoba
726,2015,1,81488.0,43.0,81531.0,,Corrientes
727,2015,1,165839.0,231.0,166070.0,,Entre Ríos
728,2015,1,26657.0,43.0,26700.0,,Formosa
729,2015,1,36608.0,3.0,36611.0,,Jujuy
730,2015,1,62155.0,542.0,62697.0,,La Pampa
731,2015,1,16310.0,23.0,16333.0,,La Rioja
732,2015,1,168355.0,1.805,170160.0,,Mendoza
733,2015,1,85139.0,7.0,85146.0,,Misiones
734,2015,1,93373.0,2.369,95742.0,,Neuquén
735,2015,1,96145.0,1.188,97333.0,,Río Negro
736,2015,1,96793.0,18.0,96811.0,,Salta
737,2015,1,51117.0,702.0,51819.0,,San Juan
738,2015,1,12878.0,354.0,13232.0,,San Luis
739,2015,1,26217.0,424.0,26641.0,,Santa Cruz
740,2015,1,535640.0,797.0,536437.0,,Santa Fe
741,2015,1,39244.0,8.0,39252.0,,Santiago Del Estero
742,2015,1,32726.0,730.0,33456.0,,Tierra Del Fuego
743,2015,1,138184.0,92.0,138276.0,,Tucumán
744,2014,4,2801178.0,15.229,2816407.0,,Buenos Aires
745,2014,4,1318526.0,11.994,1330520.0,,Capital Federal
746,2014,4,25472.0,21.0,25493.0,,Catamarca
747,2014,4,65998.0,37.0,66035.0,,Chaco
748,2014,4,66557.0,1.985,68542.0,,Chubut
749,2014,4,590113.0,319.0,590432.0,,Córdoba
750,2014,4,65656.0,54.0,65710.0,,Corrientes
751,2014,4,140567.0,246.0,140813.0,,Entre Ríos
752,2014,4,26156.0,51.0,26207.0,,Formosa
753,2014,4,35999.0,3.0,36002.0,,Jujuy
754,2014,4,56813.0,567.0,57380.0,,La Pampa
755,2014,4,16379.0,23.0,16402.0,,La Rioja
756,2014,4,167766.0,1.848,169614.0,,Mendoza
757,2014,4,77222.0,7.0,77229.0,,Misiones
758,2014,4,92999.0,2.397,95396.0,,Neuquén
759,2014,4,95050.0,1.21,96260.0,,Río Negro
760,2014,4,93921.0,26.0,93947.0,,Salta
761,2014,4,51390.0,729.0,52119.0,,San Juan
762,2014,4,12788.0,359.0,13147.0,,San Luis
763,2014,4,25277.0,436.0,25713.0,,Santa Cruz
764,2014,4,528459.0,938.0,529397.0,,Santa Fe
765,2014,4,39308.0,9.0,39317.0,,Santiago Del Estero
766,2014,4,28249.0,741.0,28990.0,,Tierra Del Fuego
767,2014,4,137329.0,95.0,137424.0,,Tucumán
768,2014,3,2835537.0,14.028,2849565.0,,Buenos Aires
769,2014,3,1307195.0,10.63,1317825.0,,Capital Federal
770,2014,3,24665.0,21.0,24686.0,,Catamarca
771,2014,3,63710.0,36.0,63746.0,,Chaco
772,2014,3,67130.0,2.007,69137.0,,Chubut
773,2014,3,585231.0,200.0,585431.0,,Córdoba
774,2014,3,63516.0,33.0,63549.0,,Corrientes
775,2014,3,136618.0,115.0,136733.0,,Entre Ríos
776,2014,3,25873.0,64.0,25937.0,,Formosa
777,2014,3,33739.0,2.0,33741.0,,Jujuy
778,2014,3,61861.0,564.0,62425.0,,La Pampa
779,2014,3,15893.0,23.0,15916.0,,La Rioja
780,2014,3,166184.0,1.74,167924.0,,Mendoza
781,2014,3,75327.0,0.0,75327.0,,Misiones
782,2014,3,100099.0,2.268,102367.0,,Neuquén
783,2014,3,96629.0,1.151,97780.0,,Río Negro
784,2014,3,92929.0,25.0,92954.0,,Salta
785,2014,3,51031.0,748.0,51779.0,,San Juan
786,2014,3,12683.0,363.0,13046.0,,San Luis
787,2014,3,25664.0,446.0,26110.0,,Santa Cruz
788,2014,3,520196.0,691.0,520887.0,,Santa Fe
789,2014,3,37539.0,9.0,37548.0,,Santiago Del Estero
790,2014,3,28037.0,755.0,28792.0,,Tierra Del Fuego
791,2014,3,131978.0,88.0,132066.0,,Tucumán
792,2014,2,2750430.0,14.116,2764546.0,,Buenos Aires
793,2014,2,1299502.0,10.713,1310215.0,,Capital Federal
794,2014,2,24660.0,23.0,24683.0,,Catamarca
795,2014,2,63243.0,36.0,63279.0,,Chaco
796,2014,2,68503.0,2.016,70519.0,,Chubut
797,2014,2,576747.0,205.0,576952.0,,Córdoba
798,2014,2,62925.0,33.0,62958.0,,Corrientes
799,2014,2,135468.0,115.0,135583.0,,Entre Ríos
800,2014,2,25535.0,65.0,25600.0,,Formosa
801,2014,2,34359.0,2.0,34361.0,,Jujuy
802,2014,2,55048.0,580.0,55628.0,,La Pampa
803,2014,2,15889.0,23.0,15912.0,,La Rioja
804,2014,2,165046.0,1.761,166807.0,,Mendoza
805,2014,2,74689.0,0.0,74689.0,,Misiones
806,2014,2,90053.0,2.235,92288.0,,Neuquén
807,2014,2,94812.0,1.145,95957.0,,Río Negro
808,2014,2,91949.0,25.0,91974.0,,Salta
809,2014,2,50891.0,755.0,51646.0,,San Juan
810,2014,2,12691.0,364.0,13055.0,,San Luis
811,2014,2,26710.0,459.0,27169.0,,Santa Cruz
812,2014,2,511753.0,605.0,512358.0,,Santa Fe
813,2014,2,38002.0,9.0,38011.0,,Santiago Del Estero
814,2014,2,27443.0,766.0,28209.0,,Tierra Del Fuego
815,2014,2,131981.0,88.0,132069.0,,Tucumán
816,2014,1,2725732.0,14.144,2739876.0,,Buenos Aires
817,2014,1,1289204.0,10.714,1299918.0,,Capital Federal
818,2014,1,24209.0,23.0,24232.0,,Catamarca
819,2014,1,62520.0,36.0,62556.0,,Chaco
820,2014,1,68205.0,2.016,70221.0,,Chubut
821,2014,1,566705.0,205.0,566910.0,,Córdoba
822,2014,1,62203.0,33.0,62236.0,,Corrientes
823,2014,1,134216.0,115.0,134331.0,,Entre Ríos
824,2014,1,25335.0,87.0,25422.0,,Formosa
825,2014,1,33825.0,2.0,33827.0,,Jujuy
826,2014,1,53601.0,592.0,54193.0,,La Pampa
827,2014,1,15688.0,23.0,15711.0,,La Rioja
828,2014,1,164084.0,1.761,165845.0,,Mendoza
829,2014,1,73950.0,0.0,73950.0,,Misiones
830,2014,1,88077.0,2.303,90380.0,,Neuquén
831,2014,1,93909.0,1.157,95066.0,,Río Negro
832,2014,1,91265.0,25.0,91290.0,,Salta
833,2014,1,50543.0,755.0,51298.0,,San Juan
834,2014,1,12193.0,364.0,12557.0,,San Luis
835,2014,1,26304.0,460.0,26764.0,,Santa Cruz
836,2014,1,506000.0,612.0,506612.0,,Santa Fe
837,2014,1,37124.0,9.0,37133.0,,Santiago Del Estero
838,2014,1,27272.0,766.0,28038.0,,Tierra Del Fuego
839,2014,1,129944.0,88.0,130032.0,,Tucumán
